"BehaviorSpace results (NetLogo 7.0.4)","Table version 2.0"
"forestfire.nlogox"
"forest_fire_experiment4"
"10/01/2026 12:23:58:969 +0530"
"min-pxcor","max-pxcor","min-pycor","max-pycor"
"-16","16","-16","16"
"[run number]","density","regrowth-chance","firebreak?","regrowth-time","reignite-chance","[step]","percent-ever-burned","percent-initial-trees-burned"
"9","17","0","true","20","1","4","0.7346189164370982","4.27807486631016"
"10","17","0","true","20","1","3","0.27548209366391185","1.6483516483516485"
"11","17","0","false","20","1","4","0.7346189164370982","3.7037037037037033"
"8","17","0","true","20","1","6","1.4692378328741964","9.248554913294797"
"7","17","0","true","20","1","1","0.3673094582185491","2.7210884353741496"
"5","17","0","true","20","1","3","0.9182736455463728","5.434782608695652"
"2","17","0","true","20","1","3","1.0101010101010102","7.096774193548387"
"12","17","0","false","20","1","4","1.0101010101010102","6.2857142857142865"
"1","17","0","true","20","1","2","0.9182736455463728","6.25"
"13","17","0","false","20","1","3","0.8264462809917356","5.113636363636364"
"4","17","0","true","20","1","4","1.1019283746556474","6.896551724137931"
"18","17","0","false","20","1","2","1.0101010101010102","6.875000000000001"
"14","17","0","false","20","1","2","1.1019283746556474","7.017543859649122"
"17","17","0","false","20","1","2","0.642791551882461","4.046242774566474"
"15","17","0","false","20","1","3","1.1019283746556474","6.122448979591836"
"20","17","0","false","20","1","5","1.0101010101010102","5.339805825242718"
"22","17","1","true","20","1","1","0.27548209366391185","1.7751479289940828"
"19","17","0","false","20","1","2","1.285583103764922","8"
"6","17","0","true","20","1","4","1.1019283746556474","6.70391061452514"
"23","17","1","true","20","1","2","0.3673094582185491","2.3952095808383236"
"25","17","1","true","20","1","1","0.18365472910927455","1.1695906432748537"
"21","17","1","true","20","1","2","1.0101010101010102","6.2857142857142865"
"24","17","1","true","20","1","2","0.5509641873278237","3.428571428571429"
"16","17","0","false","20","1","6","1.1937557392102847","7.6923076923076925"
"29","17","1","true","20","1","3","0.642791551882461","4.022988505747127"
"31","17","1","false","20","1","2","0.3673094582185491","2.083333333333333"
"34","17","1","false","20","1","1","0.18365472910927455","1.0582010582010581"
"27","17","1","true","20","1","2","0.8264462809917356","4.838709677419355"
"30","17","1","true","20","1","1","0.18365472910927455","1.098901098901099"
"32","17","1","false","20","1","1","0.09182736455463728","0.6666666666666667"
"35","17","1","false","20","1","1","0.4591368227731864","3.3333333333333335"
"36","17","1","false","20","1","4","0.5509641873278237","3.614457831325301"
"26","17","1","true","20","1","5","1.1937557392102847","6.878306878306878"
"37","17","1","false","20","1","2","0.5509641873278237","3.389830508474576"
"39","17","1","false","20","1","1","0.18365472910927455","1.0810810810810811"
"41","17","2","true","20","1","3","1.1937557392102847","7.386363636363637"
"33","17","1","false","20","1","4","1.1937557392102847","6.878306878306878"
"42","17","2","true","20","1","1","0.27548209366391185","1.639344262295082"
"40","17","1","false","20","1","2","0.7346189164370982","4.545454545454546"
"45","17","2","true","20","1","2","0.7346189164370982","4.678362573099415"
"38","17","1","false","20","1","5","0.8264462809917356","5.142857142857142"
"28","17","1","true","20","1","6","1.3774104683195594","8.928571428571429"
"43","17","2","true","20","1","3","0.7346189164370982","4.545454545454546"
"46","17","2","true","20","1","3","1.0101010101010102","6.547619047619048"
"44","17","2","true","20","1","2","0.5509641873278237","3.7267080745341614"
"49","17","2","true","20","1","5","1.3774104683195594","8.620689655172415"
"47","17","2","true","20","1","2","0.8264462809917356","4.736842105263158"
"50","17","2","true","20","1","1","0.4591368227731864","2.8089887640449436"
"55","17","2","false","20","1","1","0.4591368227731864","2.9069767441860463"
"48","17","2","true","20","1","5","0.9182736455463728","5.319148936170213"
"52","17","2","false","20","1","3","0.8264462809917356","4.591836734693878"
"54","17","2","false","20","1","2","0.4591368227731864","2.6595744680851063"
"58","17","2","false","20","1","1","0.4591368227731864","3.225806451612903"
"53","17","2","false","20","1","3","1.0101010101010102","6.179775280898876"
"57","17","2","false","20","1","3","0.8264462809917356","5"
"62","17","5","true","20","1","2","0.7346189164370982","4.41988950276243"
"56","17","2","false","20","1","3","1.285583103764922","7.526881720430108"
"60","17","2","false","20","1","1","0.3673094582185491","2.0618556701030926"
"63","17","5","true","20","1","3","1.285583103764922","7.4074074074074066"
"64","17","5","true","20","1","3","1.0101010101010102","6.790123456790123"
"65","17","5","true","20","1","3","0.9182736455463728","6.024096385542169"
"51","17","2","false","20","1","6","1.5610651974288337","9.239130434782608"
"61","17","5","true","20","1","4","0.9182736455463728","5.555555555555555"
"70","17","5","true","20","1","3","0.7346189164370982","4.790419161676647"
"59","17","2","false","20","1","4","1.3774104683195594","7.614213197969544"
"67","17","5","true","20","1","3","0.7346189164370982","4.9079754601226995"
"66","17","5","true","20","1","3","0.7346189164370982","5.263157894736842"
"68","17","5","true","20","1","1","0.3673094582185491","2.1739130434782608"
"73","17","5","false","20","1","2","0.5509641873278237","3.225806451612903"
"72","17","5","false","20","1","1","0.27548209366391185","1.9230769230769231"
"74","17","5","false","20","1","2","0.642791551882461","3.5897435897435894"
"78","17","5","false","20","1","3","0.642791551882461","3.6269430051813467"
"69","17","5","true","20","1","6","0.8264462809917356","5.590062111801243"
"77","17","5","false","20","1","2","1.1019283746556474","6.629834254143646"
"71","17","5","false","20","1","3","0.7346189164370982","5.128205128205128"
"81","17","10","true","20","1","1","0.7346189164370982","4.166666666666666"
"82","17","10","true","20","1","1","0.3673094582185491","2.5316455696202533"
"75","17","5","false","20","1","3","0.642791551882461","3.977272727272727"
"80","17","5","false","20","1","1","0.3673094582185491","1.8018018018018018"
"85","17","10","true","20","1","1","0.5509641873278237","3.389830508474576"
"76","17","5","false","20","1","2","0.642791551882461","3.954802259887006"
"79","17","5","false","20","1","5","0.642791551882461","3.888888888888889"
"89","17","10","true","20","1","2","0.9182736455463728","5.58659217877095"
"92","17","10","false","20","1","1","0.27548209366391185","1.639344262295082"
"86","17","10","true","20","1","3","0.9182736455463728","6.451612903225806"
"88","17","10","true","20","1","1","0.27548209366391185","1.910828025477707"
"83","17","10","true","20","1","4","0.9182736455463728","5.780346820809249"
"84","17","10","true","20","1","3","1.5610651974288337","9.941520467836257"
"93","17","10","false","20","1","1","0.5509641873278237","3.1088082901554404"
"87","17","10","true","20","1","4","0.9182736455463728","5.747126436781609"
"96","17","10","false","20","1","1","0.5509641873278237","3.2432432432432434"
"94","17","10","false","20","1","2","0.4591368227731864","2.6178010471204187"
"98","17","10","false","20","1","2","0.8264462809917356","5.084745762711865"
"97","17","10","false","20","1","1","0.5509641873278237","3.35195530726257"
"91","17","10","false","20","1","3","1.285583103764922","7.1065989847715745"
"90","17","10","true","20","1","4","1.1019283746556474","7.2727272727272725"
"102","17","25","true","20","1","1","0.27548209366391185","1.7142857142857144"
"101","17","25","true","20","1","3","1.1937557392102847","7.55813953488372"
"100","17","10","false","20","1","2","0.642791551882461","4.142011834319527"
"95","17","10","false","20","1","3","0.9182736455463728","5.58659217877095"
"106","17","25","true","20","1","4","1.285583103764922","8.641975308641975"
"110","17","25","true","20","1","1","0.3673094582185491","2.2346368715083798"
"99","17","10","false","20","1","4","0.7346189164370982","4.571428571428571"
"104","17","25","true","20","1","2","0.8264462809917356","4.972375690607735"
"105","17","25","true","20","1","3","1.3774104683195594","9.090909090909092"
"111","17","25","false","20","1","1","0.5509641873278237","3.4482758620689653"
"108","17","25","true","20","1","2","0.4591368227731864","3.048780487804878"
"103","17","25","true","20","1","3","0.642791551882461","3.5532994923857872"
"109","17","25","true","20","1","3","1.285583103764922","8.433734939759036"
"107","17","25","true","20","1","4","1.285583103764922","8.333333333333332"
"115","17","25","false","20","1","4","0.642791551882461","3.804347826086957"
"112","17","25","false","20","1","2","0.642791551882461","3.4653465346534658"
"118","17","25","false","20","1","2","0.5509641873278237","3.6363636363636362"
"114","17","25","false","20","1","2","0.8264462809917356","5.202312138728324"
"116","17","25","false","20","1","2","0.642791551882461","3.888888888888889"
"117","17","25","false","20","1","3","1.285583103764922","8.695652173913043"
"113","17","25","false","20","1","2","0.4591368227731864","2.941176470588235"
"119","17","25","false","20","1","2","0.3673094582185491","2.3391812865497075"
"120","17","25","false","20","1","4","0.8264462809917356","5.769230769230769"
"122","17","50","true","20","1","2","0.642791551882461","4.242424242424243"
"123","17","50","true","20","1","1","0.4591368227731864","2.717391304347826"
"124","17","50","true","20","1","2","0.9182736455463728","6.172839506172839"
"128","17","50","true","20","1","3","1.1019283746556474","6.857142857142858"
"126","17","50","true","20","1","3","0.5509641873278237","3.79746835443038"
"121","17","50","true","20","1","2","0.5509641873278237","3.260869565217391"
"125","17","50","true","20","1","3","0.642791551882461","3.7037037037037033"
"127","17","50","true","20","1","4","1.285583103764922","7.954545454545454"
"132","17","50","false","20","1","1","0.3673094582185491","2.1739130434782608"
"129","17","50","true","20","1","3","0.642791551882461","4.57516339869281"
"136","17","50","false","20","1","2","0.5509641873278237","3.2432432432432434"
"130","17","50","true","20","1","2","0.4591368227731864","2.857142857142857"
"133","17","50","false","20","1","1","0.3673094582185491","2"
"131","17","50","false","20","1","4","0.7346189164370982","4.545454545454546"
"134","17","50","false","20","1","2","0.7346189164370982","4.444444444444445"
"138","17","50","false","20","1","3","0.7346189164370982","5.031446540880504"
"137","17","50","false","20","1","5","0.8264462809917356","5.202312138728324"
"135","17","50","false","20","1","1","0.4591368227731864","3.0303030303030303"
"141","17","75","true","20","1","2","0.8264462809917356","5.454545454545454"
"139","17","50","false","20","1","3","0.8264462809917356","5.625"
"143","17","75","true","20","1","3","0.642791551882461","3.571428571428571"
"140","17","50","false","20","1","6","0.9182736455463728","5.05050505050505"
"142","17","75","true","20","1","2","0.27548209366391185","1.7647058823529411"
"144","17","75","true","20","1","2","0.9182736455463728","5.813953488372093"
"145","17","75","true","20","1","4","1.285583103764922","9.210526315789473"
"148","17","75","true","20","1","2","1.1019283746556474","7.017543859649122"
"146","17","75","true","20","1","4","0.5509641873278237","3.015075376884422"
"149","17","75","true","20","1","3","0.9182736455463728","6.8493150684931505"
"151","17","75","false","20","1","2","0.4591368227731864","2.7027027027027026"
"147","17","75","true","20","1","3","0.8264462809917356","4.864864864864865"
"152","17","75","false","20","1","1","0.8264462809917356","5.294117647058823"
"153","17","75","false","20","1","3","0.9182736455463728","6.024096385542169"
"3","17","0","true","20","1","3","1.1019283746556474","8.16326530612245"
"154","17","75","false","20","1","2","0.8264462809917356","5.357142857142857"
"155","17","75","false","20","1","3","1.3774104683195594","8.720930232558139"
"150","17","75","true","20","1","1","0.3673094582185491","2.5"
"159","17","75","false","20","1","3","0.4591368227731864","2.6595744680851063"
"156","17","75","false","20","1","4","0.7346189164370982","4.790419161676647"
"157","17","75","false","20","1","4","1.1937557392102847","7.344632768361582"
"158","17","75","false","20","1","4","1.6528925619834711","10.714285714285714"
"162","17","100","true","20","1","4","0.9182736455463728","5.780346820809249"
"161","17","100","true","20","1","3","1.285583103764922","7.909604519774012"
"164","17","100","true","20","1","5","1.1019283746556474","6.315789473684211"
"163","17","100","true","20","1","4","1.1937557392102847","8.441558441558442"
"166","17","100","true","20","1","3","0.642791551882461","4.069767441860465"
"168","17","100","true","20","1","1","0.3673094582185491","2.247191011235955"
"167","17","100","true","20","1","1","0.27548209366391185","1.7341040462427744"
"165","17","100","true","20","1","4","1.4692378328741964","9.63855421686747"
"170","17","100","true","20","1","2","0.5509641873278237","3.3333333333333335"
"171","17","100","false","20","1","3","1.8365472910927456","11.11111111111111"
"169","17","100","true","20","1","4","0.642791551882461","3.763440860215054"
"174","17","100","false","20","1","2","0.8264462809917356","5.263157894736842"
"173","17","100","false","20","1","2","0.642791551882461","3.825136612021858"
"176","17","100","false","20","1","2","1.1019283746556474","7.142857142857142"
"175","17","100","false","20","1","2","0.642791551882461","3.888888888888889"
"172","17","100","false","20","1","2","0.4591368227731864","3.0120481927710845"
"177","17","100","false","20","1","1","0.09182736455463728","0.53475935828877"
"178","17","100","false","20","1","2","0.27548209366391185","1.6042780748663104"
"180","17","100","false","20","1","3","1.1019283746556474","6.349206349206349"
"179","17","100","false","20","1","5","1.7447199265381086","10.16042780748663"
"160","17","75","false","20","1","6","1.3774104683195594","8.823529411764707"
